Fecha,Hora,Clave del nodo,Precio marginal local ($/MWh),Componente de energia ($/MWh),Componente de perdidas ($/MWh),Componente de congestion ($/MWh)
2019-02-16,1,03STG-115,1649.88,1503.15,12.69,134.04
2019-02-16,2,03STG-115,1520.96,1461.17,10.24,49.54
2019-02-16,3,03STG-115,1230.39,1073.4,7.95,149.04
2019-02-16,4,03STG-115,1232.41,1223.32,8.05,1.03
2019-02-16,5,03STG-115,1236.28,1224.8,9.56,1.92
2019-02-16,6,03STG-115,1224.5,1061.45,8.45,154.61
2019-02-16,7,03STG-115,1362.66,1237.01,13.61,112.04
2019-02-16,8,03STG-115,1516.42,1440.72,16.81,58.9
2019-02-16,9,03STG-115,1905.36,1740.52,24,140.85
2019-02-16,10,03STG-115,1710,1586.64,26.65,96.72
2019-02-16,11,03STG-115,2065.12,1928.52,34.74,101.86
2019-02-16,12,03STG-115,1695.96,1587.89,26.57,81.5
2019-02-16,13,03STG-115,1759.51,1713.88,26.96,18.68
2019-02-16,14,03STG-115,1656.27,1507.12,22.54,126.61
2019-02-16,15,03STG-115,1596.17,1420.3,23.65,152.22
2019-02-16,16,03STG-115,1555.53,1386.43,23.56,145.53
2019-02-16,17,03STG-115,1544.25,1430.04,24.16,90.06
2019-02-16,18,03STG-115,1489.2,1279.59,18.43,191.17
2019-02-16,19,03STG-115,1591.01,1391.3,9.66,190.05
2019-02-16,20,03STG-115,1747.37,1589.18,19.31,138.88
2019-02-16,21,03STG-115,1742.05,1578.69,18.61,144.75
2019-02-16,22,03STG-115,1692.34,1534.28,17.37,140.69
2019-02-16,23,03STG-115,1562.61,1380.39,16.32,165.89
2019-02-16,24,03STG-115,1399.61,1112.06,11.78,275.77
2019-02-16,1,04PLD-230,994.01,1503.15,-379.45,-129.69
2019-02-16,2,04PLD-230,975.86,1461.17,-366.02,-119.3
2019-02-16,3,04PLD-230,880.62,1073.4,-267.81,75.03
2019-02-16,4,04PLD-230,872.25,1223.32,-332.29,-18.78
2019-02-16,5,04PLD-230,879.74,1224.8,-310.81,-34.25
2019-02-16,6,04PLD-230,893.75,1061.45,-271.23,103.54
2019-02-16,7,04PLD-230,975.94,1237.01,-324.8,63.72
2019-02-16,8,04PLD-230,991.15,1440.72,-394.59,-54.98
2019-02-16,9,04PLD-230,1021.71,1740.52,-500.16,-218.64
2019-02-16,10,04PLD-230,955.32,1586.64,-465.07,-166.25
2019-02-16,11,04PLD-230,1007.1,1928.52,-578.16,-343.26
2019-02-16,12,04PLD-230,946.68,1587.89,-495.75,-145.46
2019-02-16,13,04PLD-230,991.65,1713.88,-564.64,-157.59
2019-02-16,14,04PLD-230,921.63,1507.12,-477.66,-107.83
2019-02-16,15,04PLD-230,968.96,1420.3,-452.96,1.62
2019-02-16,16,04PLD-230,910.13,1386.43,-443.93,-32.37
2019-02-16,17,04PLD-230,864.25,1430.04,-446.51,-119.27
2019-02-16,18,04PLD-230,917.97,1279.59,-389.83,28.21
2019-02-16,19,04PLD-230,956.02,1391.3,-406.46,-28.82
2019-02-16,20,04PLD-230,1055.1,1589.18,-463.61,-70.47
2019-02-16,21,04PLD-230,1052.73,1578.69,-449.37,-76.59
2019-02-16,22,04PLD-230,1007.43,1534.28,-432.08,-94.77
2019-02-16,23,04PLD-230,968.8,1380.39,-370.9,-40.69
2019-02-16,24,04PLD-230,957.48,1112.06,-330.49,175.91
2019-02-16,1,08CHS-34.5,2641,1503.15,379.08,758.77
2019-02-16,2,08CHS-34.5,2228.09,1461.17,380.95,385.96
2019-02-16,3,08CHS-34.5,1760.59,1073.4,263.18,424
2019-02-16,4,08CHS-34.5,1535.48,1223.32,287.42,24.75
2019-02-16,5,08CHS-34.5,1501.91,1224.8,279.99,-2.87
2019-02-16,6,08CHS-34.5,1739.57,1061.45,248.41,429.71
2019-02-16,7,08CHS-34.5,1914.6,1237.01,299.85,377.74
2019-02-16,8,08CHS-34.5,7274.2,1440.72,374.49,5459
2019-02-16,9,08CHS-34.5,8481.61,1740.52,488.09,6253.01
2019-02-16,10,08CHS-34.5,8492.91,1586.64,469.88,6436.39
2019-02-16,11,08CHS-34.5,8503.9,1928.52,571.09,6004.29
2019-02-16,12,08CHS-34.5,8179.76,1587.89,512.95,6078.92
2019-02-16,13,08CHS-34.5,2794.71,1713.88,596.76,484.07
2019-02-16,14,08CHS-34.5,2765.19,1507.12,534.86,723.21
2019-02-16,15,08CHS-34.5,2759.31,1420.3,516.11,822.9
2019-02-16,16,08CHS-34.5,2694.79,1386.43,511.26,797.1
2019-02-16,17,08CHS-34.5,2607.58,1430.04,437.95,739.59
2019-02-16,18,08CHS-34.5,2646.85,1279.59,388.98,978.28
2019-02-16,19,08CHS-34.5,2716.15,1391.3,415.4,909.45
2019-02-16,20,08CHS-34.5,2670.03,1589.18,400.5,680.35
2019-02-16,21,08CHS-34.5,2647.61,1578.69,383.21,685.72
2019-02-16,22,08CHS-34.5,2626.56,1534.28,375.45,716.83
2019-02-16,23,08CHS-34.5,2628.29,1380.39,344.25,903.66
2019-02-16,24,08CHS-34.5,2539.75,1112.06,333.84,1093.86
2019-02-17,1,03STG-115,1586.57,1311.17,6.64,268.76
2019-02-17,2,03STG-115,1127,1009.46,6.34,111.2
2019-02-17,3,03STG-115,1018.56,1012.01,6.29,.27
2019-02-17,4,03STG-115,910.42,903.59,6.84,0
2019-02-17,5,03STG-115,902.82,896.2,6.63,0
2019-02-17,6,03STG-115,883.74,877.08,7.15,-.5
2019-02-17,7,03STG-115,933.1,924.92,8.78,-.6
2019-02-17,8,03STG-115,774.17,743.19,7.05,23.93
2019-02-17,9,03STG-115,593.68,152.95,1.13,439.6
2019-02-17,10,03STG-115,607.78,169.28,1.87,436.62
2019-02-17,11,03STG-115,1028.48,1001.8,14.2,12.48
2019-02-17,12,03STG-115,614.73,175.96,2.23,436.53
2019-02-17,13,03STG-115,611.22,175.31,1.89,434.03
2019-02-17,14,03STG-115,891.92,846.11,12.07,33.74
2019-02-17,15,03STG-115,879.48,845.58,14,19.89
2019-02-17,16,03STG-115,845.98,818.18,13.8,14
2019-02-17,17,03STG-115,564.69,80.87,.98,482.84
2019-02-17,18,03STG-115,965.41,779.24,8.47,177.7
2019-02-17,19,03STG-115,1311.54,1098.23,12.2,201.1
2019-02-17,20,03STG-115,1501.62,1145.31,14.02,342.29
2019-02-17,21,03STG-115,1492.06,512.41,8.6,971.06
2019-02-17,22,03STG-115,1362.59,261.48,4.98,1096.13
2019-02-17,23,03STG-115,1506.69,1155.98,18.17,332.54
2019-02-17,24,03STG-115,1478.59,1370.65,14.86,93.08
2019-02-17,1,04PLD-230,960.8,1311.17,-388.91,38.54
2019-02-17,2,04PLD-230,787.68,1009.46,-292.36,70.59
2019-02-17,3,04PLD-230,766.58,1012.01,-240.74,-4.68
2019-02-17,4,04PLD-230,675.59,903.59,-228,0
2019-02-17,5,04PLD-230,673.2,896.2,-223,0
2019-02-17,6,04PLD-230,549.83,877.08,-250.58,-76.68
2019-02-17,7,04PLD-230,567.12,924.92,-265.33,-92.48
2019-02-17,8,04PLD-230,512.81,743.19,-217.53,-12.85
2019-02-17,9,04PLD-230,483.92,152.95,-44.33,375.29
2019-02-17,10,04PLD-230,475.79,169.28,-42.29,348.79
2019-02-17,11,04PLD-230,545.98,1001.8,-256.98,-198.84
2019-02-17,12,04PLD-230,467.12,175.96,-39.42,330.58
2019-02-17,13,04PLD-230,478.87,175.31,-40.69,344.25
2019-02-17,14,04PLD-230,525.17,846.11,-205.25,-115.69
2019-02-17,15,04PLD-230,521.92,845.58,-195.03,-128.64
2019-02-17,16,04PLD-230,517.25,818.18,-194.83,-106.09
2019-02-17,17,04PLD-230,471.76,80.87,-18.95,409.83
2019-02-17,18,04PLD-230,588.46,779.24,-197.13,6.35
2019-02-17,19,04PLD-230,939.65,1098.23,-280.38,121.79
2019-02-17,20,04PLD-230,1023.14,1145.31,-308.16,185.99
2019-02-17,21,04PLD-230,1023.17,512.41,-147.19,657.95
2019-02-17,22,04PLD-230,942.53,261.48,-71.43,752.48
2019-02-17,23,04PLD-230,861.32,1155.98,-284.71,-9.96
2019-02-17,24,04PLD-230,863.28,1370.65,-352.94,-154.43
2019-02-17,1,08CHS-34.5,3271.28,1311.17,371.14,1588.97
2019-02-17,2,08CHS-34.5,1645.33,1009.46,278.76,357.12
2019-02-17,3,08CHS-34.5,1288.24,1012.01,268.2,8.03
2019-02-17,4,08CHS-34.5,1131.25,903.59,227.66,0
2019-02-17,5,08CHS-34.5,1113.53,896.2,217.33,0
2019-02-17,6,08CHS-34.5,1085.41,877.08,208.19,.14
2019-02-17,7,08CHS-34.5,1171.81,924.92,246.71,.17
2019-02-17,8,08CHS-34.5,1031.79,743.19,219.8,68.81
2019-02-17,9,08CHS-34.5,1452.91,152.95,49.39,1250.56
2019-02-17,10,08CHS-34.5,1452.74,169.28,57.76,1225.7
2019-02-17,11,08CHS-34.5,2516.02,1001.8,346.27,1167.95
2019-02-17,12,08CHS-34.5,2645.67,175.96,60.16,2409.55
2019-02-17,13,08CHS-34.5,3250.64,175.31,58.63,3016.69
2019-02-17,14,08CHS-34.5,6208.97,846.11,262.03,5100.83
2019-02-17,15,08CHS-34.5,4006.92,845.58,259.2,2902.14
2019-02-17,16,08CHS-34.5,6512.28,818.18,228.04,5466.07
2019-02-17,17,08CHS-34.5,1466.64,80.87,25.23,1360.54
2019-02-17,18,08CHS-34.5,1545.88,779.24,211.38,555.27
2019-02-17,19,08CHS-34.5,2172.36,1098.23,329.52,744.6
2019-02-17,20,08CHS-34.5,2656.21,1145.31,332.89,1178.02
2019-02-17,21,08CHS-34.5,3696.81,512.41,132.03,3052.37
2019-02-17,22,08CHS-34.5,3699.89,261.48,69.61,3368.8
2019-02-17,23,08CHS-34.5,2509.81,1155.98,340.42,1013.41
2019-02-17,24,08CHS-34.5,2494.41,1370.65,456.63,667.14
2019-02-18,1,03STG-115,724.62,179.09,1.42,544.1
2019-02-18,2,03STG-115,604.05,133.2,.63,470.23
2019-02-18,3,03STG-115,596.28,138.44,.69,457.15
2019-02-18,4,03STG-115,816.05,757.99,7.14,50.91
2019-02-18,5,03STG-115,597.38,136.55,.47,460.36
2019-02-18,6,03STG-115,1046.78,835.76,5,206.02
2019-02-18,7,03STG-115,1556.15,1347.81,11.82,196.52
2019-02-18,8,03STG-115,1601.66,1500.24,13.67,87.75
2019-02-18,9,03STG-115,1626.59,1292.57,14.28,319.74
2019-02-18,10,03STG-115,1737.22,1618.54,25.26,93.42
2019-02-18,11,03STG-115,1620.5,1491.42,21.77,107.31
2019-02-18,12,03STG-115,1659.91,1487.69,24.74,147.49
2019-02-18,13,03STG-115,1909.67,1882.47,30.52,-3.32
2019-02-18,14,03STG-115,1746.18,1579.19,27.96,139.02
2019-02-18,15,03STG-115,1774.71,1737.05,23.37,14.29
2019-02-18,16,03STG-115,1600.58,1365.06,21.94,213.57
2019-02-18,17,03STG-115,1620.43,1428.45,21.17,170.81
2019-02-18,18,03STG-115,1824.88,1726.86,25.49,72.53
2019-02-18,19,03STG-115,1701.39,1459.29,16.16,225.94
2019-02-18,20,03STG-115,2144.17,2023.02,34.48,86.67
2019-02-18,21,03STG-115,2170.76,2053.28,36.63,80.85
2019-02-18,22,03STG-115,2195.68,2154.21,28.47,13
2019-02-18,23,03STG-115,1957.63,1849.04,15.73,92.86
2019-02-18,24,03STG-115,1712.85,1466.2,3.63,243.02
2019-02-18,1,04PLD-230,587.79,179.09,-45.95,454.65
2019-02-18,2,04PLD-230,544.14,133.2,-33.6,444.54
2019-02-18,3,04PLD-230,484.53,138.44,-35.58,381.67
2019-02-18,4,04PLD-230,485.11,757.99,-187.75,-85.13
2019-02-18,5,04PLD-230,484.92,136.55,-35.52,383.89
2019-02-18,6,04PLD-230,539.07,835.76,-216.12,-80.58
2019-02-18,7,04PLD-230,806.52,1347.81,-352.77,-188.52
2019-02-18,8,04PLD-230,937.71,1500.24,-378.22,-184.3
2019-02-18,9,04PLD-230,998.59,1292.57,-320.02,26.04
2019-02-18,10,04PLD-230,1064.47,1618.54,-343.64,-210.44
2019-02-18,11,04PLD-230,1075.62,1491.42,-360.87,-54.93
2019-02-18,12,04PLD-230,1090.23,1487.69,-377.27,-20.18
2019-02-18,13,04PLD-230,1259.6,1882.47,-486.01,-136.86
2019-02-18,14,04PLD-230,988.62,1579.19,-494.51,-96.07
2019-02-18,15,04PLD-230,1085.91,1737.05,-520.99,-130.14
2019-02-18,16,04PLD-230,925.98,1365.06,-416.19,-22.89
2019-02-18,17,04PLD-230,1069.46,1428.45,-417.27,58.28
2019-02-18,18,04PLD-230,1156,1726.86,-494.73,-76.14
2019-02-18,19,04PLD-230,1136.28,1459.29,-394.5,71.5
2019-02-18,20,04PLD-230,1522.51,2023.02,-537.52,37
2019-02-18,21,04PLD-230,1588.09,2053.28,-532.25,67.06
2019-02-18,22,04PLD-230,1464.15,2154.21,-620.32,-69.74
2019-02-18,23,04PLD-230,1080.19,1849.04,-503,-265.85
2019-02-18,24,04PLD-230,838.88,1466.2,-421.89,-205.44
2019-02-18,1,08CHS-34.5,1955.06,179.09,60.59,1715.37
2019-02-18,2,08CHS-34.5,1511.06,133.2,41.3,1336.56
2019-02-18,3,08CHS-34.5,1466.75,138.44,40.72,1287.6
2019-02-18,4,08CHS-34.5,1112.89,757.99,221.42,133.48
2019-02-18,5,08CHS-34.5,1472.54,136.55,39.47,1296.52
2019-02-18,6,08CHS-34.5,1765.01,835.76,253.77,675.47
2019-02-18,7,08CHS-34.5,2970.37,1347.81,384.03,1238.53
2019-02-18,8,08CHS-34.5,2563.45,1500.24,466.74,596.47
2019-02-18,9,08CHS-34.5,3326.88,1292.57,397.17,1637.14
2019-02-18,10,08CHS-34.5,2745.5,1618.54,466.9,660.06
2019-02-18,11,08CHS-34.5,2673.08,1491.42,433.02,748.64
2019-02-18,12,08CHS-34.5,2822.03,1487.69,374.4,959.94
2019-02-18,13,08CHS-34.5,2559.84,1882.47,539.42,137.95
2019-02-18,14,08CHS-34.5,3600.51,1579.19,436.11,1585.2
2019-02-18,15,08CHS-34.5,2827.83,1737.05,539.78,551
2019-02-18,16,08CHS-34.5,2819.35,1365.06,474.66,979.62
2019-02-18,17,08CHS-34.5,2744.99,1428.45,404.77,911.77
2019-02-18,18,08CHS-34.5,2807.16,1726.86,411.63,668.66
2019-02-18,19,08CHS-34.5,2812.97,1459.29,369.1,984.58
2019-02-18,20,08CHS-34.5,2832.56,2023.02,454.94,354.59
2019-02-18,21,08CHS-34.5,2874.14,2053.28,419.19,401.67
2019-02-18,22,08CHS-34.5,2794.3,2154.21,517.83,122.26
2019-02-18,23,08CHS-34.5,2805.7,1849.04,538.53,418.12
2019-02-18,24,08CHS-34.5,3150.39,1466.2,363.56,1320.63
2019-02-19,1,03STG-115,1546.73,1306.52,-.61,240.83
2019-02-19,2,03STG-115,1537.03,1518.91,-5.91,24.03
2019-02-19,3,03STG-115,1352.4,1344.09,-.64,8.95
2019-02-19,4,03STG-115,1147.23,1143.25,-.03,4.01
2019-02-19,5,03STG-115,1260.36,1155.55,-.88,105.69
2019-02-19,6,03STG-115,1533.51,1579.42,-2.88,-43.03
2019-02-19,7,03STG-115,1895.41,1893.11,2.3,0
2019-02-19,8,03STG-115,1872.41,1866.04,3.4,2.97
2019-02-19,9,03STG-115,1963.06,1943.83,10.26,8.98
2019-02-19,10,03STG-115,2142.55,2109.87,9.48,23.2
2019-02-19,11,03STG-115,1694.08,1535.26,-6.7,165.53
2019-02-19,12,03STG-115,1646.06,1378.3,-2.67,270.43
2019-02-19,13,03STG-115,2120.29,2186.73,.43,-66.88
2019-02-19,14,03STG-115,2052.77,2037.33,2.95,12.49
2019-02-19,15,03STG-115,2197.79,2269.14,.03,-71.39
2019-02-19,16,03STG-115,2200.96,2199.35,.13,1.48
2019-02-19,17,03STG-115,2216.16,2217.98,1.08,-2.9
2019-02-19,18,03STG-115,2199.89,2200.9,-1.11,.1
2019-02-19,19,03STG-115,2370.1,2378.96,-8.86,0
2019-02-19,20,03STG-115,2506.13,2495.56,10.57,0
2019-02-19,21,03STG-115,2511.17,2497.28,13.9,0
2019-02-19,22,03STG-115,2313.64,2296.95,5.67,11.02
2019-02-19,23,03STG-115,2220.53,2046.59,13.07,160.88
2019-02-19,24,03STG-115,2117.57,2034.63,11.43,71.51
2019-02-19,1,04PLD-230,556.11,1306.52,-377.19,-373.22
2019-02-19,2,04PLD-230,777.37,1518.91,-428.62,-312.92
2019-02-19,3,04PLD-230,798.86,1344.09,-377.8,-167.43
2019-02-19,4,04PLD-230,689.04,1143.25,-370.49,-83.71
2019-02-19,5,04PLD-230,711.93,1155.55,-391.88,-51.74
2019-02-19,6,04PLD-230,852.8,1579.42,-522.95,-203.66
2019-02-19,7,04PLD-230,1328.7,1893.11,-564.41,0
2019-02-19,8,04PLD-230,1260.61,1866.04,-552.62,-52.81
2019-02-19,9,04PLD-230,743.92,1943.83,-549.86,-650.04
2019-02-19,10,04PLD-230,765.41,2109.87,-703,-641.47
2019-02-19,11,04PLD-230,915.2,1535.26,-594.25,-25.81
2019-02-19,12,04PLD-230,931.47,1378.3,-522.54,75.71
2019-02-19,13,04PLD-230,966.85,2186.73,-864.88,-355.01
2019-02-19,14,04PLD-230,566.21,2037.33,-717.25,-753.88
2019-02-19,15,04PLD-230,1105.24,2269.14,-879.68,-284.22
2019-02-19,16,04PLD-230,707.02,2199.35,-754.05,-738.28
2019-02-19,17,04PLD-230,741.73,2217.98,-753.26,-722.99
2019-02-19,18,04PLD-230,1357.36,2200.9,-709.62,-133.92
2019-02-19,19,04PLD-230,1698.39,2378.96,-680.57,0
2019-02-19,20,04PLD-230,1789.27,2495.56,-706.29,0
2019-02-19,21,04PLD-230,1796.55,2497.28,-700.73,0
2019-02-19,22,04PLD-230,1440.82,2296.95,-657.86,-198.27
2019-02-19,23,04PLD-230,1546.24,2046.59,-588.39,88.04
2019-02-19,24,04PLD-230,1531.15,2034.63,-568.46,64.98
2019-02-19,1,08CHS-34.5,2803.59,1306.52,399.69,1097.39
2019-02-19,2,08CHS-34.5,2110.63,1518.91,503.22,88.5
2019-02-19,3,08CHS-34.5,1756.31,1344.09,422.47,-10.26
2019-02-19,4,08CHS-34.5,1508.91,1143.25,341.93,23.73
2019-02-19,5,08CHS-34.5,1843.37,1155.55,344.37,343.45
2019-02-19,6,08CHS-34.5,1963.22,1579.42,466.19,-82.39
2019-02-19,7,08CHS-34.5,2449.76,1893.11,556.65,0
2019-02-19,8,08CHS-34.5,2487.02,1866.04,533.87,87.12
2019-02-19,9,08CHS-34.5,2826.87,1943.83,532.07,350.97
2019-02-19,10,08CHS-34.5,2868.53,2109.87,588.7,169.95
2019-02-19,11,08CHS-34.5,2668.39,1535.26,456.79,676.35
2019-02-19,12,08CHS-34.5,2810.96,1378.3,348.82,1083.84
2019-02-19,13,08CHS-34.5,2848.55,2186.73,511.37,150.46
2019-02-19,14,08CHS-34.5,2897.98,2037.33,468.53,392.13
2019-02-19,15,08CHS-34.5,2865.25,2269.14,560.18,35.92
2019-02-19,16,08CHS-34.5,2877.97,2199.35,504.27,174.36
2019-02-19,17,08CHS-34.5,2826.03,2217.98,555.42,52.63
2019-02-19,18,08CHS-34.5,2752.3,2200.9,525.32,26.08
2019-02-19,19,08CHS-34.5,2896.22,2378.96,517.26,0
2019-02-19,20,08CHS-34.5,2947.03,2495.56,451.47,0
2019-02-19,21,08CHS-34.5,2959.91,2497.28,462.64,0
2019-02-19,22,08CHS-34.5,3127.99,2296.95,507.97,323.07
2019-02-19,23,08CHS-34.5,3349.7,2046.59,519.27,783.85
2019-02-19,24,08CHS-34.5,2856.86,2034.63,572.78,249.45
2019-02-20,1,03STG-115,1561.51,1283.25,1.33,276.93
2019-02-20,2,03STG-115,1491.52,1356.72,-1.28,136.07
2019-02-20,3,03STG-115,1426.66,1297.68,-1.65,130.63
2019-02-20,4,03STG-115,1227.28,1223.94,-.23,3.57
2019-02-20,5,03STG-115,1257.91,1144.22,-1.53,115.22
2019-02-20,6,03STG-115,1506.82,1447.58,-2.61,61.85
2019-02-20,7,03STG-115,2123.55,2103.99,4.23,15.34
2019-02-20,8,03STG-115,2275.45,2280.37,-4.92,0
2019-02-20,9,03STG-115,2171.49,2105.56,8.07,57.86
2019-02-20,10,03STG-115,2270.52,2250.63,10.34,9.55
2019-02-20,11,03STG-115,2380.3,2373.19,13.54,-6.43
2019-02-20,12,03STG-115,2387.23,1906.46,14.49,466.28
2019-02-20,13,03STG-115,2245.51,1663.3,25.49,556.71
2019-02-20,14,03STG-115,2275.68,2234.33,27.24,14.11
2019-02-20,15,03STG-115,2287.21,2203.98,23.88,59.36
2019-02-20,16,03STG-115,2329.43,2257.62,26.27,45.55
2019-02-20,17,03STG-115,2292.69,2223.43,21.18,48.08
2019-02-20,18,03STG-115,2385.25,2370.78,13.66,.81
2019-02-20,19,03STG-115,2441.75,2439.53,2.22,0
2019-02-20,20,03STG-115,2641.55,2646.88,19.38,-24.72
2019-02-20,21,03STG-115,2522.54,2497.25,25.29,0
2019-02-20,22,03STG-115,2485.45,2460.25,25.2,0
2019-02-20,23,03STG-115,2202.11,2076.48,18.22,107.41
2019-02-20,24,03STG-115,2108.34,1897.31,9.14,201.89
2019-02-20,1,04PLD-230,1146.72,1283.25,-376.2,239.67
2019-02-20,2,04PLD-230,957.86,1356.72,-388.52,-10.35
2019-02-20,3,04PLD-230,837.06,1297.68,-425.8,-34.81
2019-02-20,4,04PLD-230,744.34,1223.94,-402.6,-76.99
2019-02-20,5,04PLD-230,756.93,1144.22,-381.98,-5.31
2019-02-20,6,04PLD-230,861.95,1447.58,-463.17,-122.46
2019-02-20,7,04PLD-230,1523.83,2103.99,-591.91,11.75
2019-02-20,8,04PLD-230,1587.03,2280.37,-693.34,0
2019-02-20,9,04PLD-230,1514.63,2105.56,-635.21,44.29
2019-02-20,10,04PLD-230,881.57,2250.63,-647.79,-721.26
2019-02-20,11,04PLD-230,1088.34,2373.19,-603.42,-681.43
2019-02-20,12,04PLD-230,1247.66,1906.46,-490.13,-168.68
2019-02-20,13,04PLD-230,1076.85,1663.3,-444.68,-141.77
2019-02-20,14,04PLD-230,1011.2,2234.33,-644.92,-578.22
2019-02-20,15,04PLD-230,643.35,2203.98,-681.11,-879.52
2019-02-20,16,04PLD-230,603.58,2257.62,-714.66,-939.38
2019-02-20,17,04PLD-230,659.39,2223.43,-701.28,-862.76
2019-02-20,18,04PLD-230,755.84,2370.78,-775.95,-839
2019-02-20,19,04PLD-230,1090.89,2439.53,-802.86,-545.78
2019-02-20,20,04PLD-230,1012.39,2646.88,-803.38,-831.12
2019-02-20,21,04PLD-230,579.33,2497.25,-708.99,-1208.93
2019-02-20,22,04PLD-230,1691.2,2460.25,-769.04,0
2019-02-20,23,04PLD-230,1488.51,2076.48,-689.42,101.44
2019-02-20,24,04PLD-230,1359.65,1897.31,-694.67,157.02
2019-02-20,1,08CHS-34.5,2836.66,1283.25,365.56,1187.86
2019-02-20,2,08CHS-34.5,2490.86,1356.72,440.69,693.45
2019-02-20,3,08CHS-34.5,2228.19,1297.68,399.52,530.99
2019-02-20,4,08CHS-34.5,1626.37,1223.94,357.85,44.58
2019-02-20,5,08CHS-34.5,1856.49,1144.22,329.14,383.13
2019-02-20,6,08CHS-34.5,2135.6,1447.58,409.06,278.96
2019-02-20,7,08CHS-34.5,2774.14,2103.99,576.35,93.81
2019-02-20,8,08CHS-34.5,2861.29,2280.37,580.92,0
2019-02-20,9,08CHS-34.5,2967.54,2105.56,511,350.99
2019-02-20,10,08CHS-34.5,2897.49,2250.63,603.38,43.48
2019-02-20,11,08CHS-34.5,2990.38,2373.19,615.33,1.85
2019-02-20,12,08CHS-34.5,3742.4,1906.46,488.92,1347.02
2019-02-20,13,08CHS-34.5,3652.85,1663.3,382.99,1606.55
2019-02-20,14,08CHS-34.5,2851.34,2234.33,557.82,59.19
2019-02-20,15,08CHS-34.5,2918.18,2203.98,526.21,188
2019-02-20,16,08CHS-34.5,2967.69,2257.62,560.59,149.48
2019-02-20,17,08CHS-34.5,2929.49,2223.43,550.22,155.84
2019-02-20,18,08CHS-34.5,2909.12,2370.78,538.57,-.23
2019-02-20,19,08CHS-34.5,3006.11,2439.53,566.59,0
2019-02-20,20,08CHS-34.5,3203.77,2646.88,513.87,43.01
2019-02-20,21,08CHS-34.5,3006.13,2497.25,508.88,0
2019-02-20,22,08CHS-34.5,3018.96,2460.25,558.72,0
2019-02-20,23,08CHS-34.5,2928.21,2076.48,546.42,305.31
2019-02-20,24,08CHS-34.5,3684.14,1897.31,532.55,1254.29
2019-02-21,1,03STG-115,2195.84,2182.81,13.03,0
2019-02-21,2,03STG-115,1857.01,1818.29,6.07,32.64
2019-02-21,3,03STG-115,1596.51,1580.09,7.03,9.39
2019-02-21,4,03STG-115,1535.86,1520.28,8.77,6.82
2019-02-21,5,03STG-115,1575.8,1562.23,5.78,7.8
2019-02-21,6,03STG-115,1733.58,1590.9,12.42,130.26
2019-02-21,7,03STG-115,2234.3,2179.99,20.46,33.85
2019-02-21,8,03STG-115,2114.05,1977.58,4.08,132.38
2019-02-21,9,03STG-115,2230.69,2213.23,11.68,5.79
2019-02-21,10,03STG-115,2173.58,2141.62,7.5,24.46
2019-02-21,11,03STG-115,2254.7,2150.52,15.53,88.66
2019-02-21,12,03STG-115,2251.69,2203.59,14.44,33.67
2019-02-21,13,03STG-115,2239.8,2127.02,14.68,98.1
2019-02-21,14,03STG-115,2319.79,2299.3,21.93,-1.44
2019-02-21,15,03STG-115,2339.75,2305.58,18.63,15.54
2019-02-21,16,03STG-115,2263.08,2092.2,16.44,154.44
2019-02-21,17,03STG-115,2264.58,2145.91,16.63,102.04
2019-02-21,18,03STG-115,2242.99,2119.62,13.65,109.72
2019-02-21,19,03STG-115,2435.65,2431.48,4.18,-.01
2019-02-21,20,03STG-115,2307.06,1649.74,18.66,638.66
2019-02-21,21,03STG-115,2473.42,2446.58,26.84,0
2019-02-21,22,03STG-115,2360.72,2313.07,32.59,15.07
2019-02-21,23,03STG-115,2268.82,2176.05,30.67,62.1
2019-02-21,24,03STG-115,2241.92,1971.33,15.71,254.89
2019-02-21,1,04PLD-230,589.24,2182.81,-658.34,-935.24
2019-02-21,2,04PLD-230,1320.13,1818.29,-523.68,25.52
2019-02-21,3,04PLD-230,593.33,1580.09,-500.12,-486.64
2019-02-21,4,04PLD-230,562.81,1520.28,-476.99,-480.48
2019-02-21,5,04PLD-230,552.02,1562.23,-483.92,-526.29
2019-02-21,6,04PLD-230,794.73,1590.9,-483.87,-312.3
2019-02-21,7,04PLD-230,1620.87,2179.99,-585.62,26.5
2019-02-21,8,04PLD-230,1437.85,1977.58,-598.4,58.67
2019-02-21,9,04PLD-230,1522.42,2213.23,-695.34,4.53
2019-02-21,10,04PLD-230,1484.67,2141.62,-675.62,18.68
2019-02-21,11,04PLD-230,1515.94,2150.52,-663.48,28.9
2019-02-21,12,04PLD-230,1507.19,2203.59,-667.32,-29.07
2019-02-21,13,04PLD-230,1486.78,2127.02,-661.51,21.27
2019-02-21,14,04PLD-230,1372.26,2299.3,-717.13,-209.91
2019-02-21,15,04PLD-230,1413.5,2305.58,-726.66,-165.42
2019-02-21,16,04PLD-230,1443.65,2092.2,-685.21,36.66
2019-02-21,17,04PLD-230,1495.96,2145.91,-716.07,66.12
2019-02-21,18,04PLD-230,1458.16,2119.62,-692.63,31.17
2019-02-21,19,04PLD-230,1560.03,2431.48,-780.03,-91.42
2019-02-21,20,04PLD-230,1771.5,1649.74,-490.67,612.42
2019-02-21,21,04PLD-230,1715.21,2446.58,-731.37,0
2019-02-21,22,04PLD-230,1665.35,2313.07,-659.5,11.78
2019-02-21,23,04PLD-230,1604.07,2176.05,-620.54,48.57
2019-02-21,24,04PLD-230,1575.41,1971.33,-595.26,199.34
2019-02-21,1,08CHS-34.5,2858.59,2182.81,675.78,0
2019-02-21,2,08CHS-34.5,2634.97,1818.29,613.88,202.81
2019-02-21,3,08CHS-34.5,2250.74,1580.09,502.57,168.09
2019-02-21,4,08CHS-34.5,2101.4,1520.28,464.25,116.87
2019-02-21,5,08CHS-34.5,2178.82,1562.23,474.05,142.54
2019-02-21,6,08CHS-34.5,2431.2,1590.9,470.06,370.24
2019-02-21,7,08CHS-34.5,2906.57,2179.99,516.28,210.3
2019-02-21,8,08CHS-34.5,2856.77,1977.58,502.92,376.27
2019-02-21,9,08CHS-34.5,2901.2,2213.23,651.99,35.98
2019-02-21,10,08CHS-34.5,2887.13,2141.62,591.35,154.16
2019-02-21,11,08CHS-34.5,2943.4,2150.52,540.04,252.84
2019-02-21,12,08CHS-34.5,2982.98,2203.59,567.24,212.16
2019-02-21,13,08CHS-34.5,2945.75,2127.02,533.19,285.54
2019-02-21,14,08CHS-34.5,3075.21,2299.3,575.46,200.46
2019-02-21,15,08CHS-34.5,2987.46,2305.58,584.35,97.54
2019-02-21,16,08CHS-34.5,3027.42,2092.2,494.03,441.19
2019-02-21,17,08CHS-34.5,2949.67,2145.91,514.21,289.55
2019-02-21,18,08CHS-34.5,2926.13,2119.62,495.83,310.68
2019-02-21,19,08CHS-34.5,3056.71,2431.48,625.23,0
2019-02-21,20,08CHS-34.5,4022.77,1649.74,337.31,2035.72
2019-02-21,21,08CHS-34.5,3028.26,2446.58,581.68,0
2019-02-21,22,08CHS-34.5,3008.19,2313.07,601.51,93.61
2019-02-21,23,08CHS-34.5,3164.14,2176.05,602.29,385.8
2019-02-21,24,08CHS-34.5,4119.52,1971.33,564.81,1583.39
2019-02-22,1,03STG-115,1980.07,1833.43,12.56,134.08
2019-02-22,2,03STG-115,1360.55,1019.14,5.36,336.06
2019-02-22,3,03STG-115,1265.84,919.71,3.23,342.9
2019-02-22,4,03STG-115,1281.95,1120.65,4.53,156.77
2019-02-22,5,03STG-115,1267.5,1106.49,3.65,157.37
2019-02-22,6,03STG-115,1365.59,1006.63,3.96,355
2019-02-22,7,03STG-115,2225,2180.85,17.94,26.21
2019-02-22,8,03STG-115,2267.19,2207.61,12.92,46.67
2019-02-22,9,03STG-115,2232.63,1957.58,6.59,268.45
2019-02-22,10,03STG-115,2315.84,2017.52,7.29,291.03
2019-02-22,11,03STG-115,2306.19,2027.04,15.66,263.5
2019-02-22,12,03STG-115,2342.76,2035.33,16.69,290.74
2019-02-22,13,03STG-115,2343.25,2098.27,15.66,229.32
2019-02-22,14,03STG-115,2443.71,2312.37,18.92,112.42
2019-02-22,15,03STG-115,2334.79,2126.62,19.34,188.83
2019-02-22,16,03STG-115,2371.8,2157.1,14.84,199.85
2019-02-22,17,03STG-115,2889.93,2868.95,20.74,.24
2019-02-22,18,03STG-115,2436.24,2189.2,12.03,235
2019-02-22,19,03STG-115,3107.54,3093.01,13.02,1.51
2019-02-22,20,03STG-115,2592.93,2342.3,29.75,220.88
2019-02-22,21,03STG-115,2882.97,2842.78,39.16,1.03
2019-02-22,22,03STG-115,2959.28,2923.34,34.46,1.49
2019-02-22,23,03STG-115,2380.38,2178.29,25.74,176.35
2019-02-22,24,03STG-115,2222.77,1705.79,13.74,503.25
2019-02-22,1,04PLD-230,1395.15,1833.43,-543.15,104.87
2019-02-22,2,04PLD-230,1021.01,1019.14,-292.44,294.31
2019-02-22,3,04PLD-230,517.64,919.71,-276.27,-125.81
2019-02-22,4,04PLD-230,519.88,1120.65,-345.92,-254.85
2019-02-22,5,04PLD-230,524.92,1106.49,-349.51,-232.06
2019-02-22,6,04PLD-230,473.5,1006.63,-286.72,-246.42
2019-02-22,7,04PLD-230,541.66,2180.85,-612.44,-1026.76
2019-02-22,8,04PLD-230,537.37,2207.61,-628.17,-1042.07
2019-02-22,9,04PLD-230,559.91,1957.58,-602.16,-795.52
2019-02-22,10,04PLD-230,1578.21,2017.52,-618.13,178.82
2019-02-22,11,04PLD-230,1567.61,2027.04,-648.88,189.45
2019-02-22,12,04PLD-230,1614.87,2035.33,-629.29,208.83
2019-02-22,13,04PLD-230,1548.2,2098.27,-714.76,164.7
2019-02-22,14,04PLD-230,1622.49,2312.37,-770.62,80.74
2019-02-22,15,04PLD-230,1510.39,2126.62,-751.61,135.38
2019-02-22,16,04PLD-230,1534.45,2157.1,-765.84,143.19
2019-02-22,17,04PLD-230,1766.73,2868.95,-1019.27,-82.94
2019-02-22,18,04PLD-230,1662.24,2189.2,-747.35,220.38
2019-02-22,19,04PLD-230,1980.8,3093.01,-1073.26,-38.95
2019-02-22,20,04PLD-230,1612.58,2342.3,-933.57,203.85
2019-02-22,21,04PLD-230,1736.02,2842.78,-1080,-26.76
2019-02-22,22,04PLD-230,1776.01,2923.34,-1108.84,-38.49
2019-02-22,23,04PLD-230,1531.78,2178.29,-739.85,93.34
2019-02-22,24,04PLD-230,1586.12,1705.79,-589.2,469.53
2019-02-22,1,08CHS-34.5,3233.05,1833.43,566.71,832.9
2019-02-22,2,08CHS-34.5,2756.3,1019.14,323.7,1413.47
2019-02-22,3,08CHS-34.5,2753.27,919.71,303.41,1530.16
2019-02-22,4,08CHS-34.5,1917.37,1120.65,357.64,439.08
2019-02-22,5,08CHS-34.5,1909,1106.49,346.25,456.26
2019-02-22,6,08CHS-34.5,2801.67,1006.63,304.51,1490.52
2019-02-22,7,08CHS-34.5,2877.6,2180.85,555.02,141.73
2019-02-22,8,08CHS-34.5,3043.96,2207.61,544.32,292.03
2019-02-22,9,08CHS-34.5,3975.74,1957.58,456.43,1561.73
2019-02-22,10,08CHS-34.5,4332.45,2017.52,493.24,1821.69
2019-02-22,11,08CHS-34.5,4158.76,2027.04,474.62,1657.11
2019-02-22,12,08CHS-34.5,4312.75,2035.33,445.99,1831.43
2019-02-22,13,08CHS-34.5,4160.29,2098.27,616.96,1445.07
2019-02-22,14,08CHS-34.5,3718.51,2312.37,697.71,708.43
2019-02-22,15,08CHS-34.5,3921.06,2126.62,616.53,1177.92
2019-02-22,16,08CHS-34.5,4053.79,2157.1,650.73,1245.95
2019-02-22,17,08CHS-34.5,3745.41,2868.95,876.4,.06
2019-02-22,18,08CHS-34.5,3499.94,2189.2,643.53,667.21
2019-02-22,19,08CHS-34.5,4016.65,3093.01,923.83,-.2
2019-02-22,20,08CHS-34.5,3704.26,2342.3,641,720.96
2019-02-22,21,08CHS-34.5,3598.63,2842.78,755.99,-.13
2019-02-22,22,08CHS-34.5,3755.88,2923.34,832.74,-.19
2019-02-22,23,08CHS-34.5,3949.26,2178.29,619.8,1151.17
2019-02-22,24,08CHS-34.5,3769.07,1705.79,526.7,1536.58
2019-02-23,1,03STG-115,1502.49,1233.18,8.52,260.79
2019-02-23,2,03STG-115,1461.76,1255.33,7.56,198.87
2019-02-23,3,03STG-115,1409.8,1261,8.79,140.01
2019-02-23,4,03STG-115,1370.09,1208.39,7.64,154.05
2019-02-23,5,03STG-115,1472.9,1292.36,10.55,169.99
2019-02-23,6,03STG-115,1531,1388.34,10.38,132.29
2019-02-23,7,03STG-115,1975.41,1875.1,22.49,77.82
2019-02-23,8,03STG-115,1947.28,1711.55,21.95,213.78
2019-02-23,9,03STG-115,2155.92,2124.76,29.49,1.66
2019-02-23,10,03STG-115,2261.6,2216.92,40.73,3.95
2019-02-23,11,03STG-115,2088.83,1714.7,28.23,345.9
2019-02-23,12,03STG-115,2194.85,2148.25,46.07,.54
2019-02-23,13,03STG-115,2268.82,2067.69,42.56,158.57
2019-02-23,14,03STG-115,2294.8,1766.35,39.73,488.72
2019-02-23,15,03STG-115,2312.02,2250.3,50.06,11.66
2019-02-23,16,03STG-115,1980.13,1814.34,35.46,130.34
2019-02-23,17,03STG-115,2083.84,1889.64,37.74,156.47
2019-02-23,18,03STG-115,2219.65,1946.77,41.06,231.82
2019-02-23,19,03STG-115,2248.28,2112.02,36.44,99.83
2019-02-23,20,03STG-115,2297.78,1870.46,36.43,390.89
2019-02-23,21,03STG-115,2295.92,1871.43,40.57,383.92
2019-02-23,22,03STG-115,2254.24,1810.83,35.34,408.07
2019-02-23,23,03STG-115,2178.69,1710.61,28.29,439.79
2019-02-23,24,03STG-115,1610.68,1227.84,15.77,367.08
2019-02-23,1,04PLD-230,1027.67,1233.18,-437.54,232.03
2019-02-23,2,04PLD-230,976.19,1255.33,-420.28,141.14
2019-02-23,3,04PLD-230,899.5,1261,-444.01,82.5
2019-02-23,4,04PLD-230,850.51,1208.39,-443.75,85.87
2019-02-23,5,04PLD-230,912.25,1292.36,-471.79,91.67
2019-02-23,6,04PLD-230,942.42,1388.34,-502.05,56.13
2019-02-23,7,04PLD-230,1360.15,1875.1,-575.45,60.51
2019-02-23,8,04PLD-230,1295.56,1711.55,-590.35,174.37
2019-02-23,9,04PLD-230,1344.52,2124.76,-781.81,1.57
2019-02-23,10,04PLD-230,1402.28,2216.92,-817.71,3.07
2019-02-23,11,04PLD-230,837.02,1714.7,-652.8,-224.89
2019-02-23,12,04PLD-230,1333.18,2148.25,-805.38,-9.69
2019-02-23,13,04PLD-230,1418.68,2067.69,-748.59,99.59
2019-02-23,14,04PLD-230,1568.12,1766.35,-655.61,457.39
2019-02-23,15,04PLD-230,1360.95,2250.3,-824.36,-64.99
2019-02-23,16,04PLD-230,1266.12,1814.34,-671.22,123
2019-02-23,17,04PLD-230,862.86,1889.64,-739.04,-287.73
2019-02-23,18,04PLD-230,787.85,1946.77,-754.18,-404.75
2019-02-23,19,04PLD-230,1432.89,2112.02,-773.42,94.29
2019-02-23,20,04PLD-230,1597.29,1870.46,-642.36,369.19
2019-02-23,21,04PLD-230,1742.08,1871.43,-490.24,360.89
2019-02-23,22,04PLD-230,1730.53,1810.83,-463.89,383.59
2019-02-23,23,04PLD-230,1667.26,1710.61,-456.76,413.4
2019-02-23,24,04PLD-230,963.32,1227.84,-324.05,59.53
2019-02-23,1,08CHS-34.5,5431.97,1233.18,416.73,3782.06
2019-02-23,2,08CHS-34.5,2739.43,1255.33,432.42,1051.68
2019-02-23,3,08CHS-34.5,2202.44,1261,424.81,516.62
2019-02-23,4,08CHS-34.5,2595.74,1208.39,388.24,999.11
2019-02-23,5,08CHS-34.5,2588.26,1292.36,402.46,893.44
2019-02-23,6,08CHS-34.5,2694.33,1388.34,426.17,879.82
2019-02-23,7,08CHS-34.5,2911.39,1875.1,552.87,483.43
2019-02-23,8,08CHS-34.5,3372.17,1711.55,497.15,1163.48
2019-02-23,9,08CHS-34.5,2776.42,2124.76,646.93,4.73
2019-02-23,10,08CHS-34.5,2887.99,2216.92,646.51,24.55
2019-02-23,11,08CHS-34.5,4098.07,1714.7,446.58,1936.79
2019-02-23,12,08CHS-34.5,2764.23,2148.25,600.03,15.95
2019-02-23,13,08CHS-34.5,3658.78,2067.69,575.02,1016.08
2019-02-23,14,08CHS-34.5,3650.23,1766.35,490.5,1393.39
2019-02-23,15,08CHS-34.5,2994.36,2250.3,634.51,109.54
2019-02-23,16,08CHS-34.5,2724.54,1814.34,539.64,370.56
2019-02-23,17,08CHS-34.5,2885.72,1889.64,541.6,454.48
2019-02-23,18,08CHS-34.5,3043.18,1946.77,568.88,527.52
2019-02-23,19,08CHS-34.5,3020.88,2112.02,625.11,283.75
2019-02-23,20,08CHS-34.5,3476.52,1870.46,495.02,1111.04
2019-02-23,21,08CHS-34.5,3467.11,1871.43,504.48,1091.19
2019-02-23,22,08CHS-34.5,3494.34,1810.83,523.67,1159.83
2019-02-23,23,08CHS-34.5,3468.26,1710.61,507.66,1249.99
2019-02-23,24,08CHS-34.5,2761.14,1227.84,414.33,1118.97
2019-02-24,1,03STG-115,1608.2,1446.12,13.21,148.87
2019-02-24,2,03STG-115,1309.01,1158.88,13.8,136.33
2019-02-24,3,03STG-115,1080.96,1068.44,10.2,2.33
2019-02-24,4,03STG-115,1020.53,1003.73,10.04,6.76
2019-02-24,5,03STG-115,1010.03,976.96,9.37,23.71
2019-02-24,6,03STG-115,1057.4,1036.35,8.62,12.42
2019-02-24,7,03STG-115,1020.47,1000.91,11.11,8.45
2019-02-24,8,03STG-115,1018.48,997.13,12.69,8.65
2019-02-24,9,03STG-115,885.54,731.97,7.74,145.83
2019-02-24,10,03STG-115,1021.51,991.57,12.63,17.31
2019-02-24,11,03STG-115,815.92,784.77,10.9,20.25
2019-02-24,12,03STG-115,784.43,760.06,13.13,11.24
2019-02-24,13,03STG-115,741.52,720.4,11.87,9.26
2019-02-24,14,03STG-115,768.83,747.16,12.19,9.49
2019-02-24,15,03STG-115,813.36,789.34,13.41,10.61
2019-02-24,16,03STG-115,828.08,803.41,13.7,10.97
2019-02-24,17,03STG-115,832.24,808.78,12.83,10.63
2019-02-24,18,03STG-115,784.54,768.4,12.58,3.56
2019-02-24,19,03STG-115,1132.18,1110.63,13.32,8.22
2019-02-24,20,03STG-115,1767.21,1731.57,21.48,14.16
2019-02-24,21,03STG-115,2019.89,1984.94,34.96,0
2019-02-24,22,03STG-115,1484,1378.94,29.13,75.94
2019-02-24,23,03STG-115,1229.65,1187.95,24.58,17.12
2019-02-24,24,03STG-115,964.82,947.34,17.48,0
2019-02-24,1,04PLD-230,894.79,1446.12,-438.95,-112.38
2019-02-24,2,04PLD-230,896.87,1158.88,-312.7,50.68
2019-02-24,3,04PLD-230,633.35,1068.44,-343.15,-91.94
2019-02-24,4,04PLD-230,594.2,1003.73,-324.12,-85.42
2019-02-24,5,04PLD-230,556.45,976.96,-318.3,-102.22
2019-02-24,6,04PLD-230,470.01,1036.35,-327.57,-238.78
2019-02-24,7,04PLD-230,634.08,1000.91,-232.59,-134.24
2019-02-24,8,04PLD-230,632.97,997.13,-226.76,-137.4
2019-02-24,9,04PLD-230,426.68,731.97,-158.58,-146.71
2019-02-24,10,04PLD-230,223.39,991.57,-154.92,-613.26
2019-02-24,11,04PLD-230,300.57,784.77,-120.06,-364.13
2019-02-24,12,04PLD-230,261.29,760.06,-98.12,-400.65
2019-02-24,13,04PLD-230,283.27,720.4,-106.38,-330.75
2019-02-24,14,04PLD-230,295.08,747.16,-113.28,-338.8
2019-02-24,15,04PLD-230,287.87,789.34,-122.67,-378.8
2019-02-24,16,04PLD-230,285.98,803.41,-127.75,-389.68
2019-02-24,17,04PLD-230,296.79,808.78,-134.31,-377.68
2019-02-24,18,04PLD-230,512.86,768.4,-194.11,-61.44
2019-02-24,19,04PLD-230,718.27,1110.63,-259.95,-132.41
2019-02-24,20,04PLD-230,1150.72,1731.57,-358.9,-221.95
2019-02-24,21,04PLD-230,1588.01,1984.94,-396.93,0
2019-02-24,22,04PLD-230,1119.58,1378.94,-330.73,71.37
2019-02-24,23,04PLD-230,927.29,1187.95,-276.75,16.09
2019-02-24,24,04PLD-230,715.61,947.34,-231.73,0
2019-02-24,1,08CHS-34.5,2983.43,1446.12,479.66,1057.65
2019-02-24,2,08CHS-34.5,2063.36,1158.88,369.54,534.95
2019-02-24,3,08CHS-34.5,1430.36,1068.44,362.57,-.65
2019-02-24,4,08CHS-34.5,1351.78,1003.73,337.16,10.89
2019-02-24,5,08CHS-34.5,1350.3,976.96,323.96,49.39
2019-02-24,6,08CHS-34.5,1359.13,1036.35,339.23,-16.45
2019-02-24,7,08CHS-34.5,1278.29,1000.91,290.02,-12.64
2019-02-24,8,08CHS-34.5,1277.35,997.13,293.16,-12.94
2019-02-24,9,08CHS-34.5,1339.46,731.97,228.98,378.52
2019-02-24,10,08CHS-34.5,1256.13,991.57,270.78,-6.22
2019-02-24,11,08CHS-34.5,1042.93,784.77,234.17,23.99
2019-02-24,12,08CHS-34.5,969.5,760.06,213.52,-4.08
2019-02-24,13,08CHS-34.5,923.69,720.4,206.67,-3.37
2019-02-24,14,08CHS-34.5,953.92,747.16,210.21,-3.45
2019-02-24,15,08CHS-34.5,1002.67,789.34,217.19,-3.86
2019-02-24,16,08CHS-34.5,1023.56,803.41,224.1,-3.95
2019-02-24,17,08CHS-34.5,1037.68,808.78,232.73,-3.83
2019-02-24,18,08CHS-34.5,979.78,768.4,216.28,-4.9
2019-02-24,19,08CHS-34.5,1426.69,1110.63,328.31,-12.25
2019-02-24,20,08CHS-34.5,2262.28,1731.57,551.84,-21.13
2019-02-24,21,08CHS-34.5,2603.73,1984.94,618.79,0
2019-02-24,22,08CHS-34.5,2632.34,1378.94,445.77,807.63
2019-02-24,23,08CHS-34.5,1617.79,1187.95,381.16,48.69
2019-02-24,24,08CHS-34.5,1243.01,947.34,295.67,0
2019-02-25,1,03STG-115,710.93,698.22,12.71,0
2019-02-25,2,03STG-115,600.65,591.41,9.25,0
2019-02-25,3,03STG-115,576.55,568,8.55,0
2019-02-25,4,03STG-115,570.03,562.61,7.41,0
2019-02-25,5,03STG-115,571.92,564.01,7.91,0
2019-02-25,6,03STG-115,734.18,722.56,11.62,0
2019-02-25,7,03STG-115,1146.44,1126.4,20.04,0
2019-02-25,8,03STG-115,1243.76,1217.99,25.77,0
2019-02-25,9,03STG-115,1406.26,1372.89,33.37,0
2019-02-25,10,03STG-115,1559.7,1560.63,37.99,-38.92
2019-02-25,11,03STG-115,1573.55,1581.42,35.68,-43.56
2019-02-25,12,03STG-115,1718.99,1725.54,38.41,-44.97
2019-02-25,13,03STG-115,1788.61,1761.03,37.84,-10.26
2019-02-25,14,03STG-115,1771.3,1774.56,41.35,-44.61
2019-02-25,15,03STG-115,1790.68,1732,51.33,7.36
2019-02-25,16,03STG-115,2143.23,2081.7,61.54,0
2019-02-25,17,03STG-115,2183.83,2124.66,59.17,0
2019-02-25,18,03STG-115,2193.92,2146.15,55.5,-7.73
2019-02-25,19,03STG-115,2250.13,2224.78,48.73,-23.38
2019-02-25,20,03STG-115,2325.49,2219.72,56.6,49.17
2019-02-25,21,03STG-115,2219.67,2160.62,59.05,0
2019-02-25,22,03STG-115,1882.82,1837.05,46.13,-.36
2019-02-25,23,03STG-115,1618.87,1633.97,37.06,-52.16
2019-02-25,24,03STG-115,1568.6,1534.22,34.38,0
2019-02-25,1,04PLD-230,539.96,698.22,-158.26,0
2019-02-25,2,04PLD-230,471.69,591.41,-119.72,0
2019-02-25,3,04PLD-230,436.84,568,-131.17,0
2019-02-25,4,04PLD-230,432.71,562.61,-129.9,0
2019-02-25,5,04PLD-230,432.95,564.01,-131.06,0
2019-02-25,6,04PLD-230,548.19,722.56,-174.37,0
2019-02-25,7,04PLD-230,908.42,1126.4,-217.98,0
2019-02-25,8,04PLD-230,972.85,1217.99,-245.13,0
2019-02-25,9,04PLD-230,1079.3,1372.89,-293.59,0
2019-02-25,10,04PLD-230,989.91,1560.63,-474.93,-95.79
2019-02-25,11,04PLD-230,1035.3,1581.42,-437.6,-108.52
2019-02-25,12,04PLD-230,1111.78,1725.54,-489.69,-124.07
2019-02-25,13,04PLD-230,1216.3,1761.03,-503.32,-41.41
2019-02-25,14,04PLD-230,1138.14,1774.56,-523.06,-113.37
2019-02-25,15,04PLD-230,1082.02,1732,-511.21,-138.77
2019-02-25,16,04PLD-230,1405.25,2081.7,-676.44,0
2019-02-25,17,04PLD-230,1428.27,2124.66,-696.39,0
2019-02-25,18,04PLD-230,1546.65,2146.15,-580.48,-19.01
2019-02-25,19,04PLD-230,1557.52,2224.78,-608.93,-58.33
2019-02-25,20,04PLD-230,1733.78,2219.72,-536.78,50.83
2019-02-25,21,04PLD-230,1705.96,2160.62,-454.66,0
2019-02-25,22,04PLD-230,1454.99,1837.05,-365.92,-16.14
2019-02-25,23,04PLD-230,1257.35,1633.97,-252.28,-124.34
2019-02-25,24,04PLD-230,1289.94,1534.22,-244.28,0
2019-02-25,1,08CHS-34.5,931.2,698.22,228.92,4.05
2019-02-25,2,08CHS-34.5,772.93,591.41,181.53,0
2019-02-25,3,08CHS-34.5,734.04,568,166.04,0
2019-02-25,4,08CHS-34.5,713.09,562.61,150.48,0
2019-02-25,5,08CHS-34.5,709.85,564.01,145.84,0
2019-02-25,6,08CHS-34.5,909.01,722.56,186.45,0
2019-02-25,7,08CHS-34.5,1392.95,1126.4,266.54,0
2019-02-25,8,08CHS-34.5,1503.48,1217.99,285.49,0
2019-02-25,9,08CHS-34.5,1738.19,1372.89,365.3,0
2019-02-25,10,08CHS-34.5,1947.37,1560.63,447.7,-60.96
2019-02-25,11,08CHS-34.5,1993.84,1581.42,478.68,-66.26
2019-02-25,12,08CHS-34.5,2207.34,1725.54,533.5,-51.7
2019-02-25,13,08CHS-34.5,2301.28,1761.03,533.87,6.38
2019-02-25,14,08CHS-34.5,2233.34,1774.56,523.57,-64.8
2019-02-25,15,08CHS-34.5,2453.55,1732,492.17,229.39
2019-02-25,16,08CHS-34.5,2683.41,2081.7,601.72,0
2019-02-25,17,08CHS-34.5,2717.29,2124.66,592.63,0
2019-02-25,18,08CHS-34.5,2688.31,2146.15,554.27,-12.11
2019-02-25,19,08CHS-34.5,2851.84,2224.78,663.65,-36.59
2019-02-25,20,08CHS-34.5,3499.4,2219.72,706.98,572.7
2019-02-25,21,08CHS-34.5,3736.65,2160.62,653.32,922.71
2019-02-25,22,08CHS-34.5,3705.53,1837.05,586.88,1281.6
2019-02-25,23,08CHS-34.5,2734.94,1633.97,509.32,591.65
2019-02-25,24,08CHS-34.5,1968.2,1534.22,433.98,0
2019-02-26,1,03STG-115,1105.75,1083.02,22.73,0
2019-02-26,2,03STG-115,1003.48,988.02,15.47,0
2019-02-26,3,03STG-115,959.45,947.22,12.23,0
2019-02-26,4,03STG-115,944.95,933.19,11.76,0
2019-02-26,5,03STG-115,964.71,953.41,11.3,0
2019-02-26,6,03STG-115,1125.98,1114.11,11.87,0
2019-02-26,7,03STG-115,1968.39,1944.69,23.69,0
2019-02-26,8,03STG-115,2190.89,2162.21,28.69,0
2019-02-26,9,03STG-115,2207.5,2177.28,30.22,0
2019-02-26,10,03STG-115,2237.25,2209.6,27.65,0
2019-02-26,11,03STG-115,2186,2164.19,21.8,0
2019-02-26,12,03STG-115,2229.59,2209.34,20.26,0
2019-02-26,13,03STG-115,2227.14,2209.91,17.24,0
2019-02-26,14,03STG-115,2226.55,2212.73,13.82,0
2019-02-26,15,03STG-115,2213.67,2200.84,12.83,0
2019-02-26,16,03STG-115,2215.49,2205.34,10.15,0
2019-02-26,17,03STG-115,2183.98,2163.7,20.28,0
2019-02-26,18,03STG-115,2215.49,2191.07,24.42,0
2019-02-26,19,03STG-115,2282.29,2267.9,14.39,0
2019-02-26,20,03STG-115,2239,2084.36,29.27,125.38
2019-02-26,21,03STG-115,2245.65,2072.92,30.65,142.07
2019-02-26,22,03STG-115,2347.41,2305.87,41.55,0
2019-02-26,23,03STG-115,2274.38,2233.49,40.89,0
2019-02-26,24,03STG-115,2164.03,2139.64,24.39,0
2019-02-26,1,04PLD-230,912.07,1083.02,-170.95,0
2019-02-26,2,04PLD-230,833.08,988.02,-154.94,0
2019-02-26,3,04PLD-230,762.01,947.22,-185.21,0
2019-02-26,4,04PLD-230,738.26,933.19,-194.93,0
2019-02-26,5,04PLD-230,761.99,953.41,-191.41,0
2019-02-26,6,04PLD-230,900.72,1114.11,-213.39,0
2019-02-26,7,04PLD-230,1647.09,1944.69,-297.61,0
2019-02-26,8,04PLD-230,1784.07,2162.21,-378.14,0
2019-02-26,9,04PLD-230,1820.26,2177.28,-357.02,0
2019-02-26,10,04PLD-230,1560.59,2209.6,-649.01,0
2019-02-26,11,04PLD-230,1555.59,2164.19,-608.6,0
2019-02-26,12,04PLD-230,1547.88,2209.34,-661.45,0
2019-02-26,13,04PLD-230,1475.34,2209.91,-734.57,0
2019-02-26,14,04PLD-230,1465.79,2212.73,-746.95,0
2019-02-26,15,04PLD-230,1494.21,2200.84,-706.63,0
2019-02-26,16,04PLD-230,1519.49,2205.34,-685.85,0
2019-02-26,17,04PLD-230,1492.42,2163.7,-671.28,0
2019-02-26,18,04PLD-230,1515.37,2191.07,-675.69,0
2019-02-26,19,04PLD-230,1539.61,2267.9,-728.29,0
2019-02-26,20,04PLD-230,1573.65,2084.36,-629.19,118.48
2019-02-26,21,04PLD-230,1600.37,2072.92,-606.8,134.25
2019-02-26,22,04PLD-230,1634.46,2305.87,-671.41,0
2019-02-26,23,04PLD-230,1541.25,2233.49,-692.24,0
2019-02-26,24,04PLD-230,1469.46,2139.64,-670.18,0
2019-02-26,1,08CHS-34.5,3638.55,1083.02,279.64,2275.89
2019-02-26,2,08CHS-34.5,3625.72,988.02,236.22,2401.48
2019-02-26,3,08CHS-34.5,1172.5,947.22,225.28,0
2019-02-26,4,08CHS-34.5,1150.98,933.19,217.79,0
2019-02-26,5,08CHS-34.5,1176.38,953.41,222.98,0
2019-02-26,6,08CHS-34.5,1388.18,1114.11,274.07,0
2019-02-26,7,08CHS-34.5,2410.72,1944.69,466.03,0
2019-02-26,8,08CHS-34.5,2668.6,2162.21,506.4,0
2019-02-26,9,08CHS-34.5,2731.2,2177.28,553.92,0
2019-02-26,10,08CHS-34.5,2808.58,2209.6,598.98,0
2019-02-26,11,08CHS-34.5,2740.12,2164.19,575.93,0
2019-02-26,12,08CHS-34.5,2781.7,2209.34,572.37,0
2019-02-26,13,08CHS-34.5,2797.35,2209.91,587.45,0
2019-02-26,14,08CHS-34.5,2820.75,2212.73,608.01,0
2019-02-26,15,08CHS-34.5,2810.59,2200.84,609.75,0
2019-02-26,16,08CHS-34.5,2822.22,2205.34,616.88,0
2019-02-26,17,08CHS-34.5,2750.41,2163.7,586.72,0
2019-02-26,18,08CHS-34.5,2748.88,2191.07,557.81,0
2019-02-26,19,08CHS-34.5,2906.51,2267.9,638.61,0
2019-02-26,20,08CHS-34.5,2933.93,2084.36,493.35,356.22
2019-02-26,21,08CHS-34.5,2977.77,2072.92,501.21,403.64
2019-02-26,22,08CHS-34.5,2872.62,2305.87,566.75,0
2019-02-26,23,08CHS-34.5,2872.04,2233.49,618.89,19.67
2019-02-26,24,08CHS-34.5,2779.55,2139.64,639.92,0
2019-02-27,1,03STG-115,1821.1,1763.24,13.14,44.72
2019-02-27,2,03STG-115,1471.25,1462.06,9.19,0
2019-02-27,3,03STG-115,1095.79,1085.76,10.03,0
2019-02-27,4,03STG-115,1015.7,1003.5,12.2,0
2019-02-27,5,03STG-115,998.88,987.72,11.16,0
2019-02-27,6,03STG-115,1317.53,1304.54,12.99,0
2019-02-27,7,03STG-115,2018.16,1989.44,28.72,0
2019-02-27,8,03STG-115,2117.87,2091.44,26.43,0
2019-02-27,9,03STG-115,2189.12,2161.68,27.44,0
2019-02-27,10,03STG-115,2063.58,2045.22,18.36,0
2019-02-27,11,03STG-115,1988.15,1968.05,20.1,0
2019-02-27,12,03STG-115,2183.26,2156.63,26.64,0
2019-02-27,13,03STG-115,2123.05,2091.74,31.31,0
2019-02-27,14,03STG-115,2001.96,1967.64,34.31,0
2019-02-27,15,03STG-115,2133.86,2094.67,39.19,0
2019-02-27,16,03STG-115,2136.08,2099.65,36.43,0
2019-02-27,17,03STG-115,2203.92,2166.57,37.35,0
2019-02-27,18,03STG-115,2199.92,2164.85,35.06,0
2019-02-27,19,03STG-115,2243.32,2201.18,24.38,17.77
2019-02-27,20,03STG-115,2294.24,2260.85,33.39,0
2019-02-27,21,03STG-115,2284,2084.73,31.91,167.37
2019-02-27,22,03STG-115,2253.4,2215.36,30.74,7.3
2019-02-27,23,03STG-115,1987.42,1937.48,23.02,26.92
2019-02-27,24,03STG-115,1976.74,1933.62,19.9,23.22
2019-02-27,1,04PLD-230,1241.01,1763.24,-557.44,35.21
2019-02-27,2,04PLD-230,1057.7,1462.06,-404.36,0
2019-02-27,3,04PLD-230,734.21,1085.76,-351.55,0
2019-02-27,4,04PLD-230,680.81,1003.5,-322.69,0
2019-02-27,5,04PLD-230,664.84,987.72,-322.88,0
2019-02-27,6,04PLD-230,872.12,1304.54,-432.42,0
2019-02-27,7,04PLD-230,1469.81,1989.44,-519.63,0
2019-02-27,8,04PLD-230,1428.38,2091.44,-663.06,0
2019-02-27,9,04PLD-230,1511.71,2161.68,-649.97,0
2019-02-27,10,04PLD-230,1410.12,2045.22,-635.11,0
2019-02-27,11,04PLD-230,1363.22,1968.05,-604.82,0
2019-02-27,12,04PLD-230,1512.76,2156.63,-643.87,0
2019-02-27,13,04PLD-230,1462.82,2091.74,-628.92,0
2019-02-27,14,04PLD-230,1360.47,1967.64,-607.17,0
2019-02-27,15,04PLD-230,1460.45,2094.67,-634.23,0
2019-02-27,16,04PLD-230,1477.73,2099.65,-621.93,0
2019-02-27,17,04PLD-230,1488.67,2166.57,-677.91,0
2019-02-27,18,04PLD-230,1541.6,2164.85,-623.25,0
2019-02-27,19,04PLD-230,1551.09,2201.18,-666.87,16.78
2019-02-27,20,04PLD-230,1559.2,2260.85,-701.65,0
2019-02-27,21,04PLD-230,1591.76,2084.73,-651.08,158.12
2019-02-27,22,04PLD-230,1520.62,2215.36,-700.42,5.68
2019-02-27,23,04PLD-230,1320.35,1937.48,-638.09,20.95
2019-02-27,24,04PLD-230,1269.82,1933.62,-656.04,-7.75
2019-02-27,1,08CHS-34.5,2664.58,1763.24,586.73,314.61
2019-02-27,2,08CHS-34.5,1931.62,1462.06,469.57,0
2019-02-27,3,08CHS-34.5,1405.12,1085.76,319.36,0
2019-02-27,4,08CHS-34.5,1273.07,1003.5,269.57,0
2019-02-27,5,08CHS-34.5,1236.68,987.72,248.96,0
2019-02-27,6,08CHS-34.5,1653.33,1304.54,348.79,0
2019-02-27,7,08CHS-34.5,2516.79,1989.44,527.35,0
2019-02-27,8,08CHS-34.5,2658.38,2091.44,566.95,0
2019-02-27,9,08CHS-34.5,2814.18,2161.68,652.5,0
2019-02-27,10,08CHS-34.5,2714.09,2045.22,668.86,0
2019-02-27,11,08CHS-34.5,2615.09,1968.05,633.07,13.98
2019-02-27,12,08CHS-34.5,2834.36,2156.63,677.73,0
2019-02-27,13,08CHS-34.5,2733.36,2091.74,641.63,0
2019-02-27,14,08CHS-34.5,2544.96,1967.64,577.32,0
2019-02-27,15,08CHS-34.5,2882.54,2094.67,551.85,236.02
2019-02-27,16,08CHS-34.5,2889.33,2099.65,556.15,233.53
2019-02-27,17,08CHS-34.5,2848.09,2166.57,592.17,89.35
2019-02-27,18,08CHS-34.5,2837.12,2164.85,581.49,90.78
2019-02-27,19,08CHS-34.5,2865.04,2201.18,613.42,50.45
2019-02-27,20,08CHS-34.5,2856.23,2260.85,595.38,0
2019-02-27,21,08CHS-34.5,3110.88,2084.73,550.89,475.26
2019-02-27,22,08CHS-34.5,2909.22,2215.36,648.68,45.18
2019-02-27,23,08CHS-34.5,2860.66,1937.48,625.37,297.81
2019-02-27,24,08CHS-34.5,2719.07,1933.62,628.86,156.59
2019-02-28,1,03STG-115,1609.54,1581.56,14.42,13.56
2019-02-28,2,03STG-115,1236.11,1221.95,8.86,5.3
2019-02-28,3,03STG-115,1135.88,1126.81,7.9,1.17
2019-02-28,4,03STG-115,1079.51,1069.88,7.43,2.21
2019-02-28,5,03STG-115,1060.59,1051.23,7.22,2.14
2019-02-28,6,03STG-115,1258.49,1246.95,8.7,2.84
2019-02-28,7,03STG-115,2055.61,2009.68,22.56,23.38
2019-02-28,8,03STG-115,2103.31,2037.78,20.08,45.45
2019-02-28,9,03STG-115,2035.7,1949.84,22.99,62.87
2019-02-28,10,03STG-115,1500.5,1067.42,14.04,419.04
2019-02-28,11,03STG-115,1691.57,1350.04,26.12,315.42
2019-02-28,12,03STG-115,1978.36,1884.75,42.08,51.53
2019-02-28,13,03STG-115,1819.2,1747.66,36.73,34.81
2019-02-28,14,03STG-115,1813.79,1743.92,36.33,33.54
2019-02-28,15,03STG-115,1944.67,1862,38.12,44.55
2019-02-28,16,03STG-115,1957.79,1851.5,34.81,71.49
2019-02-28,17,03STG-115,1854.47,1656.57,17.9,180
2019-02-28,18,03STG-115,1690.64,1443.96,9.97,236.7
2019-02-28,19,03STG-115,1541.87,708.35,4.18,829.35
2019-02-28,20,03STG-115,2265.01,2076.36,22.17,166.47
2019-02-28,21,03STG-115,2325.09,2220.95,26.39,77.75
2019-02-28,22,03STG-115,2273.48,2113.03,22.83,137.63
2019-02-28,23,03STG-115,2055.63,1760.88,12.12,282.63
2019-02-28,24,03STG-115,1983.8,1840.1,5.77,137.94
2019-02-28,1,04PLD-230,728.1,1581.56,-525.61,-327.86
2019-02-28,2,04PLD-230,687.14,1221.95,-377.26,-157.55
2019-02-28,3,04PLD-230,712.42,1126.81,-394.45,-19.93
2019-02-28,4,04PLD-230,631.19,1069.88,-381.96,-56.73
2019-02-28,5,04PLD-230,619.45,1051.23,-376.8,-54.98
2019-02-28,6,04PLD-230,736.25,1246.95,-437.66,-73.04
2019-02-28,7,04PLD-230,1392.33,2009.68,-635.61,18.26
2019-02-28,8,04PLD-230,1417.93,2037.78,-655.21,35.36
2019-02-28,9,04PLD-230,1341.58,1949.84,-657.18,48.92
2019-02-28,10,04PLD-230,883.7,1067.42,-427.52,243.8
2019-02-28,11,04PLD-230,949.82,1350.04,-528.45,128.23
2019-02-28,12,04PLD-230,866.5,1884.75,-746.09,-272.15
2019-02-28,13,04PLD-230,952.67,1747.66,-677.42,-117.57
2019-02-28,14,04PLD-230,945.11,1743.92,-685.53,-113.28
2019-02-28,15,04PLD-230,950.87,1862,-760.69,-150.44
2019-02-28,16,04PLD-230,965.67,1851.5,-729.44,-156.4
2019-02-28,17,04PLD-230,1124.54,1656.57,-689.5,157.48
2019-02-28,18,04PLD-230,1024.42,1443.96,-626.55,207.01
2019-02-28,19,04PLD-230,1194.19,708.35,-274.42,760.26
2019-02-28,20,04PLD-230,1516.74,2076.36,-716.61,156.99
2019-02-28,21,04PLD-230,1356.58,2220.95,-771.57,-92.8
2019-02-28,22,04PLD-230,1480.01,2113.03,-754.96,121.94
2019-02-28,23,04PLD-230,1332.19,1760.88,-660.78,232.09
2019-02-28,24,04PLD-230,1233.36,1840.1,-713.91,107.17
2019-02-28,1,08CHS-34.5,2835.19,1581.56,474.36,779.27
2019-02-28,2,08CHS-34.5,2699.13,1221.95,361.05,1116.13
2019-02-28,3,08CHS-34.5,1442.72,1126.81,317.65,-1.73
2019-02-28,4,08CHS-34.5,1357.42,1069.88,287.83,-.29
2019-02-28,5,08CHS-34.5,1327.29,1051.23,276.34,-.28
2019-02-28,6,08CHS-34.5,1581.32,1246.95,334.74,-.37
2019-02-28,7,08CHS-34.5,2690.73,2009.68,535.35,145.7
2019-02-28,8,08CHS-34.5,2866.66,2037.78,546.77,282.11
2019-02-28,9,08CHS-34.5,2869.53,1949.84,529.41,390.29
2019-02-28,10,08CHS-34.5,2930.58,1067.42,302.15,1561.01
2019-02-28,11,08CHS-34.5,2856.28,1350.04,437.88,1068.36
2019-02-28,12,08CHS-34.5,2892.65,1884.75,582.82,425.08
2019-02-28,13,08CHS-34.5,2645.42,1747.66,582.12,315.64
2019-02-28,14,08CHS-34.5,2595.86,1743.92,548.43,303.51
2019-02-28,15,08CHS-34.5,2807.89,1862,541.76,404.13
2019-02-28,16,08CHS-34.5,2856.02,1851.5,577.38,427.14
2019-02-28,17,08CHS-34.5,2828.48,1656.57,428.47,743.44
2019-02-28,18,08CHS-34.5,2776.07,1443.96,352.79,979.31
2019-02-28,19,08CHS-34.5,3611.44,708.35,166.75,2736.34
2019-02-28,20,08CHS-34.5,2976.76,2076.36,427.27,473.13
2019-02-28,21,08CHS-34.5,3131.71,2220.95,456.75,454.02
2019-02-28,22,08CHS-34.5,3153.55,2113.03,487.7,552.83
2019-02-28,23,08CHS-34.5,3680.1,1760.88,415.52,1503.7
2019-02-28,24,08CHS-34.5,3149.33,1840.1,452.39,856.84
